Ground object (IDENTIFY),Placed on Luavi,In the RvB 6 replay,.dat file,Model used (visual .dnm/.srf),Size w x h x l (m),Note
2CH_HOHEI,10,10,user\2ch\2chground\guard_ground\hohei.dat,gamefiles\User\2ch\2chground\guard_ground\hohei.dnm,2x2x1,
5G_BRAINWASHING_TOWER,2,2,user\RvB\ww3\ground\radiotower55m.dat,gamefiles\user\RvB\ww3\ground\radiotower55m.dnm,21x53x21,
CARGO_PLANE_BLUE,3,3,user\RvB\ww3\ground\cargoblue.dat,gamefiles\user\RvB\ww3\ground\cargoblue.srf,39x6x36,
CARGO_PLANE_RED,3,3,user\RvB\ww3\ground\cargored.dat,gamefiles\user\RvB\ww3\ground\cargored.srf,39x6x36,
DESTROYER_BLUE,9,9,user\RvB\ww3\ground\bluedestroyer.dat,gamefiles\user\RvB\ww3\ground\bluedestroyer.dnm,18x19x155,
DESTROYER_RED,9,9,user\RvB\ww3\ground\reddestroyer.dat,gamefiles\user\RvB\ww3\ground\reddestroyer.dnm,20x16x162,
PAPI_LEFT,4,4,papi_left.dat,YSFLIGHT-master\runtime\ground\papi_left.dnm,20x2x2,
RADAR_SIGHT,2,2,user\2ch\2chground\guard_ground\radarsight.dat,gamefiles\User\2ch\2chground\guard_ground\radarsight.dnm,20x11x13,
RVB3_BEACHPARTY,1,1,user\RvB\ww3\ground\beachparty.dat,gamefiles\user\RvB\ww3\ground\beachparty.dnm,16x4x19,
RVB3_CITY_A,2,2,user\RvB\ww3\ground\city_a.dat,gamefiles\user\RvB\ww3\ground\city_a.srf,765x100x836,
RVB3_CITY_B,1,1,user\RvB\ww3\ground\city_b.dat,gamefiles\user\RvB\ww3\ground\city_b.srf,1008x220x981,
RVB3_CITY_C,2,2,user\RvB\ww3\ground\city_c.dat,gamefiles\user\RvB\ww3\ground\city_c.srf,734x27x740,
RVB3_CITY_D,3,3,user\RvB\ww3\ground\city_d.dat,gamefiles\user\RvB\ww3\ground\city_d.srf,967x45x654,
RVB3_CITY_E,2,2,user\RvB\ww3\ground\city_e.dat,gamefiles\user\RvB\ww3\ground\city_e.srf,1009x33x1185,
RVB3_CITY_F,2,2,user\RvB\ww3\ground\city_f.dat,gamefiles\user\RvB\ww3\ground\city_f.srf,1290x129x813,
RVB3_CONTAINERS1,2,2,user\RvB\ww3\ground\containers1.dat,gamefiles\user\RvB\ww3\ground\containers1.srf,23x8x151,
RVB3_CONTAINERS2,2,2,user\RvB\ww3\ground\containers2.dat,gamefiles\user\RvB\ww3\ground\containers2.srf,66x8x152,
RVB3_DOCKHOUSE,3,3,user\RvB\ww3\ground\dockhouse.dat,gamefiles\user\RvB\ww3\ground\dockhouse.dnm,23x8x53,
RVB3_FISHINGHUTS,5,3,user\RvB\ww3\ground\fishinghuts.dat,gamefiles\user\RvB\ww3\ground\fishinghuts.dnm,19x7x21,
RVB3_FISHING_BOAT,7,7,user\RvB\ww3\ground\fishingboat.dat,gamefiles\user\RvB\ww3\ground\fishingboat.dnm,5x9x33,
RVB3_JC_UP,1,1,user\RvB\ww3\ground\jcup.dat,gamefiles\user\RvB\ww3\ground\jcup.dnm,42x81x42,
RVB3_LARGETANKS,2,2,user\RvB\ww3\ground\largetanks.dat,gamefiles\user\RvB\ww3\ground\largetanks.srf,96x43x120,
RVB3_LOWCLOUD1,17,17,user\RvB\ww3\ground\lowcloud1.dat,gamefiles\user\RvB\ww3\ground\lowcloud1.dnm,604x233x596,
RVB3_LOWCLOUD2,11,11,user\RvB\ww3\ground\lowcloud2.dat,gamefiles\user\RvB\ww3\ground\lowcloud2.dnm,794x374x706,
RVB3_LOWCLOUD3,10,10,user\RvB\ww3\ground\lowcloud3.dat,gamefiles\user\RvB\ww3\ground\lowcloud3.dnm,796x205x1003,
RVB3_LOWCLOUD4,11,11,user\RvB\ww3\ground\lowcloud4.dat,gamefiles\user\RvB\ww3\ground\lowcloud4.dnm,,
RVB3_LOWCLOUD5,7,7,user\RvB\ww3\ground\lowcloud5.dat,gamefiles\user\RvB\ww3\ground\lowcloud5.dnm,657x136x794,
RVB3_LOWCLOUD6,9,9,user\RvB\ww3\ground\lowcloud6.dat,gamefiles\user\RvB\ww3\ground\lowcloud6.dnm,,
RVB3_LOWCLOUD7,8,8,user\RvB\ww3\ground\lowcloud7.dat,gamefiles\user\RvB\ww3\ground\lowcloud7.dnm,,
RVB3_LOWCLOUD8,6,6,user\RvB\ww3\ground\lowcloud8.dat,gamefiles\user\RvB\ww3\ground\lowcloud8.dnm,,
RVB3_OILRIG,1,1,user\RvB\ww3\ground\oilrig.dat,gamefiles\user\RvB\ww3\ground\oilrig.dnm,75x47x55,
RVB3_OLDTANKS,2,2,user\RvB\ww3\ground\oldtanks.dat,gamefiles\user\RvB\ww3\ground\oldtanks.srf,50x11x54,
RVB3_PICKUPAA,9,9,user\RvB\ww3\ground\pickupAA.dat,gamefiles\user\RvB\ww3\ground\pickupAA.dnm,2x2x5,
RVB3_SAM_HUMMER,2,2,user\RvB\ww3\ground\hummer.dat,gamefiles\user\RvB\ww3\ground\hummer.dnm,3x3x6,
RVB3_SHANDONG,1,1,user\RvB\ww3\ground\shandong.dat,gamefiles\user\RvB\ww3\ground\shandong.dnm,80x59x318,
RVB3_SMALLTANKS,2,2,user\RvB\ww3\ground\smalltanks.dat,gamefiles\user\RvB\ww3\ground\smalltanks.srf,35x14x43,
RVB3_TOWN1,7,7,user\RvB\ww3\ground\town1.dat,gamefiles\user\RvB\ww3\ground\town1.dnm,808x27x403,
RVB3_TROPICALTREE,62,62,user\RvB\ww3\ground\tree_tropical.dat,gamefiles\user\RvB\ww3\ground\tree_tropical.srf,9x16x12,
RVB3_WAREHOUSE1,3,3,user\RvB\ww3\ground\warehouse1.dat,gamefiles\user\RvB\ww3\ground\warehouse1.srf,60x10x133,
RVB3_WAREHOUSE1_SMALL,2,2,user\RvB\ww3\ground\warehouse1small.dat,gamefiles\user\RvB\ww3\ground\warehouse1small.srf,36x8x92,
RVB3_WAREHOUSE2,3,3,user\RvB\ww3\ground\warehouse2.dat,gamefiles\user\RvB\ww3\ground\warehouse2.srf,111x10x137,
RVB3_WINDTURBINE,12,12,user\RvB\ww3\ground\windturbine.dat,gamefiles\user\RvB\ww3\ground\windturbine.dnm,27x146x10,
RVB5_COMMAND_BUILDING,2,2,user\RvB\ww3\ground\commandtop.dat,gamefiles\user\RvB\ww3\ground\commandtop.dnm,48x20x62,
RVB5_COMMAND_BUILDING_BASE,2,2,user\RvB\ww3\ground\commandbottom.dat,gamefiles\user\RvB\ww3\ground\commandbottom.dnm,48x20x62,
STADIUM_BLUE,1,1,user\RvB\ww3\ground\stadiumblue.dat,gamefiles\user\RvB\ww3\ground\stadiumblue.dnm,188x14x227,
STADIUM_RED,1,1,user\RvB\ww3\ground\stadiumred.dat,gamefiles\user\RvB\ww3\ground\stadiumred.dnm,188x14x227,
[GOP]2S6M_TUNGUSKA,13,13,user\gop\east\2s6m.dat,gamefiles\User\gop\east\2s6m.dnm,4x2x6,
[GOP]3M9_KUB,14,14,user\gop\east\3M9kub.dat,gamefiles\User\gop\east\3M9kub.dnm,4x3x7,
[GOP]AAA,28,28,user\gop\common-aaa\gopaaa.dat,gamefiles\User\gop\common-aaa\gopaaa.dnm,1x1x2,
[GOP]ADMIRAL-GORSHKOV,1,1,user\gop\CV\baku.dat,gamefiles\User\gop\CV\baku.dnm,47x40x272,
[GOP]BOAT,6,0,,,,.dat not in the game files (not in the replay either)
[GOP]FENCE,4,4,user\gop\ground\fence.dat,gamefiles\User\gop\ground\fence_main.srf,14x2x3,
[GOP]FH-70,8,8,user\gop\army\FH-70.DAT,gamefiles\User\gop\army\FH-70.dnm,5x6x3,
[GOP]FUELTANK1,4,4,user\gop\supply\fueltank1.dat,gamefiles\User\gop\supply\fueltank1.srf,64x16x64,
[GOP]FUELTANK2,2,2,user\gop\supply\fueltank2.dat,gamefiles\User\gop\supply\fueltank2.srf,54x8x48,
[GOP]GUN_TRUCK,8,8,user\gop\common-aaa\guntruck.dat,gamefiles\User\gop\common-aaa\guntruck.dnm,2x3x6,
[GOP]HANGER2_AIRCRAFT,8,8,user\gop\airport\air_hanger2.dat,gamefiles\User\gop\airport\air_hanger2.srf,91x8x23,
[GOP]HANGER_AIRCRAFT,8,8,user\gop\airport\air_hanger.dat,gamefiles\User\gop\airport\air_hanger.srf,98x41x78,
[GOP]HANGER_WEAPON,4,4,user\gop\supply\wp_hanger.dat,gamefiles\User\gop\supply\wp_hanger.srf,46x22x62,
[GOP]HOTEL1,1,0,,,,.dat not in the game files (not in the replay either)
[GOP]HUNG,6,0,,,,.dat not in the game files (not in the replay either)
[GOP]HYUGA_CLASS,1,1,user\gop\CV\16DDH.dat,gamefiles\User\gop\CV\16DDH.dnm,31x44x195,
[GOP]ILS,6,0,,,,.dat not in the game files (not in the replay either)
[GOP]IT_TRUCK,6,6,user\gop\truck\ITruck.dat,gamefiles\User\gop\truck\Itruck_main.srf,2x3x6,
[GOP]M-6_LINEBACKER,13,13,user\gop\west\m6.dat,gamefiles\User\gop\west\m6.dnm,3x2x6,
[GOP]M1A2SEP,21,21,user\gop\army\m1a2sep.dat,gamefiles\User\gop\army\m1a2sep.dnm,3x2x8,
[GOP]MIM-104_PATRIOT,13,13,user\gop\west\mim104.dat,gamefiles\User\gop\west\mim104.dnm,22x4x33,
[GOP]MIM-72_CHAPARRAL,14,14,user\gop\west\mim72.dat,gamefiles\User\gop\west\mim72.dnm,2x2x5,
[GOP]NIMITZ_CLASS,1,1,user\gop\CV\cvn-77.dat,gamefiles\User\gop\CV\CVN-77.dnm,80x36x333,
[GOP]NRADER,2,0,,,,.dat not in the game files (not in the replay either)
[GOP]PORT_CRANE,10,10,user\gop\port\crane.dat,gamefiles\User\gop\port\crane_main.srf,8x70x56,
[GOP]S-300_FAVORIT,13,13,user\gop\east\S300.dat,gamefiles\User\gop\east\S300.dnm,58x27x50,
[GOP]SAM,12,12,user\gop\common-aaa\gopsam.dat,gamefiles\User\gop\common-aaa\gopsam.dnm,1x1x1,
[GOP]SUPPLY_CLASS,2,0,user\gop\supply\supply.dat,gamefiles\User\gop\supply\supply.dnm,32x26x230,on the map but not in the replay
[GOP]SUPPLY_CONTAINER,10,10,user\gop\supply\supply_object.dat,gamefiles\User\gop\supply\supplyobj_main.srf,26x6x11,
[GOP]T-80U,21,21,user\gop\army\t80u.dat,gamefiles\User\gop\army\t80u.dnm,3x2x7,
[GOP]TOW2,1,0,,,,.dat not in the game files (not in the replay either)
[GOP]TOWER,3,3,user\gop\airport\tower.dat,gamefiles\User\gop\airport\tower_main.srf,51x40x24,
[GOP]TOWER3,1,0,,,,.dat not in the game files (not in the replay either)
[GOP]TRUCK,12,12,user\gop\supply\Truck.dat,gamefiles\User\gop\supply\truck_main.srf,2x2x6,
[GOP]VOR,4,0,,,,.dat not in the game files (not in the replay either)
[GOP]WASP_CLASS,2,2,user\gop\CV\wasp.dat,gamefiles\User\gop\CV\LHD-1.dnm,59x50x256,
